{
  "publicPath": "/dist_ssr/",
  "all": [
    "static\\js\\1.f17b2e6feb25dc599839.js",
    "static\\js\\2.75073ce9080af746703d.js",
    "static\\js\\main.b1af2574ef050d19a004.js"
  ],
  "initial": [
    "static\\js\\main.b1af2574ef050d19a004.js"
  ],
  "async": [
    "static\\js\\1.f17b2e6feb25dc599839.js",
    "static\\js\\2.75073ce9080af746703d.js"
  ],
  "modules": {
    "2d4ea9b2": [
      2
    ],
    "645c459f": [
      2
    ],
    "27b001d3": [
      2
    ],
    "f0d3362e": [
      0
    ],
    "86ea90aa": [
      1
    ],
    "3a8260d8": [
      2
    ],
    "5a74d937": [
      2
    ],
    "71db6dad": [
      2
    ],
    "0878b424": [
      2
    ],
    "2f55c11e": [
      2
    ],
    "4ddbc482": [
      2
    ]
  }
}