{
  "publicPath": "/dist_ssr/",
  "all": [
    "static\\js\\0.1f5e18b993b9877c953b.js",
    "static\\js\\1.4b106106d9692ce18b94.js",
    "static\\js\\2.bb7ca5faa3f3c0243c81.js",
    "static\\js\\4.b684f1083560906d553e.js",
    "static\\js\\5.3315eaa94e4392e166fd.js",
    "static\\js\\6.f7fe70de331f2342e17e.js",
    "static\\js\\7.1c7fe7b1631deee9b3e3.js",
    "static\\js\\8.18603f9534107d00472d.js",
    "static\\js\\9.ef4ab6de6e0b8cc6464d.js",
    "static\\js\\runtime~main.65b565f21e4b708ae927.js"
  ],
  "initial": [
    "static\\js\\runtime~main.65b565f21e4b708ae927.js",
    "static\\js\\0.1f5e18b993b9877c953b.js",
    "static\\js\\2.bb7ca5faa3f3c0243c81.js"
  ],
  "async": [
    "static\\js\\1.4b106106d9692ce18b94.js",
    "static\\js\\4.b684f1083560906d553e.js",
    "static\\js\\5.3315eaa94e4392e166fd.js",
    "static\\js\\6.f7fe70de331f2342e17e.js",
    "static\\js\\7.1c7fe7b1631deee9b3e3.js",
    "static\\js\\8.18603f9534107d00472d.js",
    "static\\js\\9.ef4ab6de6e0b8cc6464d.js"
  ],
  "modules": {
    "55526336": [
      6
    ],
    "66365238": [
      3
    ],
    "4900a20c": [
      7
    ],
    "49c4a715": [
      6
    ],
    "14d66f1c": [
      2
    ],
    "0c48a5ea": [
      2
    ],
    "587e395a": [
      2
    ],
    "b437f2d6": [
      8
    ],
    "be14f56a": [
      0
    ],
    "70166bc6": [
      5
    ],
    "105f892e": [
      1
    ],
    "1c5901c9": [
      1
    ],
    "381f2e74": [
      6
    ],
    "00289b71": [
      3
    ],
    "645c459f": [
      0
    ],
    "785b256c": [
      4
    ],
    "8fffc092": [
      2
    ],
    "8f0c3b10": [
      0
    ],
    "eb2549e0": [
      3
    ],
    "2377696a": [
      6
    ],
    "8ba9c354": [
      3
    ],
    "2ea040fa": [
      5
    ],
    "2af5b936": [
      0
    ],
    "47d05eeb": [
      2
    ],
    "7c341cbe": [
      2
    ],
    "f178c900": [
      7
    ],
    "359ad834": [
      0
    ],
    "ed65c9b0": [
      0
    ],
    "386d2d76": [
      0
    ],
    "3a8260d8": [
      2
    ],
    "9c30907a": [
      3
    ],
    "2d6cc1dc": [
      7
    ],
    "0b84c2f1": [
      2
    ],
    "4d43353e": [
      0
    ],
    "3a20c68c": [
      0
    ],
    "9c8114da": [
      0
    ],
    "0e115225": [
      2
    ],
    "6ef93eec": [
      0
    ],
    "649bd4b6": [
      1
    ],
    "7c97d14f": [
      0
    ],
    "26b20d42": [
      0
    ],
    "2cacd418": [
      0
    ],
    "6c2be9c4": [
      0
    ],
    "3753c84a": [
      1
    ],
    "dcbdc5ac": [
      0
    ],
    "5a74d937": [
      0
    ],
    "0a00b7a0": [
      4
    ],
    "71db6dad": [
      0
    ],
    "e612dbbe": [
      8
    ],
    "1971620e": [
      0
    ],
    "45a29afc": [
      4
    ],
    "ca165734": [
      0
    ],
    "5193554e": [
      1
    ],
    "0878b424": [
      0
    ],
    "2f55c11e": [
      0
    ],
    "76b689a5": [
      0
    ],
    "4ddbc482": [
      2
    ],
    "9535179c": [
      0
    ],
    "2cc3ea9f": [
      0
    ],
    "b60c940e": [
      2
    ],
    "318eb48f": [
      3
    ],
    "66359c67": [
      0
    ],
    "c85176de": [
      8
    ],
    "5810de1f": [
      3
    ],
    "6a0d20e0": [
      0
    ],
    "5f9a1668": [
      0
    ],
    "adad6176": [
      1
    ],
    "0956bd56": [
      5
    ],
    "3bfde0cd": [
      3
    ],
    "65f1733d": [
      3
    ],
    "106815e6": [
      3
    ],
    "7121600e": [
      2
    ],
    "5580f676": [
      8
    ],
    "a350fdbe": [
      5
    ],
    "74085cac": [
      0
    ],
    "1600dd47": [
      2
    ],
    "9aa4e20e": [
      1
    ],
    "1237d4d6": [
      0
    ],
    "1dada834": [
      0
    ],
    "3dd9cba2": [
      0
    ],
    "12ee445a": [
      1
    ],
    "65d2208e": [
      0
    ],
    "b4a3f758": [
      0
    ],
    "430eebeb": [
      2
    ],
    "41989cc0": [
      3
    ],
    "41eda908": [
      0
    ],
    "6acde274": [
      3
    ],
    "b645ab96": [
      4
    ],
    "276746fe": [
      2
    ],
    "b719b33a": [
      0
    ],
    "fe6d1b76": [
      2
    ],
    "15f5651f": [
      2
    ],
    "06ea984c": [
      7
    ],
    "5323370a": [
      2
    ],
    "444bfac6": [
      0
    ],
    "db9a93b6": [
      0
    ],
    "c9a10d9c": [
      3
    ]
  }
}