{
  "publicPath": "dist_ssr/",
  "all": [
    "static\\js\\1.f17b2e6feb25dc599839.js",
    "static\\js\\2.75073ce9080af746703d.js",
    "static\\js\\3.ec6a4b877dbc7259d8af.js",
    "static\\js\\main.01b2eb5941cb54f1eb23.js"
  ],
  "initial": [
    "static\\js\\main.01b2eb5941cb54f1eb23.js"
  ],
  "async": [
    "static\\js\\1.f17b2e6feb25dc599839.js",
    "static\\js\\2.75073ce9080af746703d.js",
    "static\\js\\3.ec6a4b877dbc7259d8af.js"
  ],
  "modules": {
    "be14f56a": [
      3
    ],
    "2d4ea9b2": [
      3
    ],
    "645c459f": [
      3
    ],
    "8f0c3b10": [
      3
    ],
    "359ad834": [
      3
    ],
    "27b001d3": [
      3
    ],
    "f0d3362e": [
      0
    ],
    "86ea90aa": [
      1
    ],
    "386d2d76": [
      3
    ],
    "3a8260d8": [
      3
    ],
    "4d43353e": [
      3
    ],
    "3a20c68c": [
      3
    ],
    "6ef93eec": [
      3
    ],
    "7c97d14f": [
      3
    ],
    "2cacd418": [
      3
    ],
    "6c2be9c4": [
      3
    ],
    "dcbdc5ac": [
      3
    ],
    "5a74d937": [
      3
    ],
    "71db6dad": [
      3
    ],
    "1971620e": [
      3
    ],
    "ca165734": [
      3
    ],
    "0878b424": [
      3
    ],
    "2f55c11e": [
      3
    ],
    "4ddbc482": [
      3
    ],
    "9535179c": [
      3
    ],
    "2cc3ea9f": [
      3
    ],
    "66359c67": [
      3
    ],
    "3c2f2296": [
      2
    ],
    "5f9a1668": [
      3
    ],
    "1237d4d6": [
      3
    ],
    "1dada834": [
      3
    ],
    "3dd9cba2": [
      3
    ],
    "65d2208e": [
      3
    ],
    "b4a3f758": [
      3
    ],
    "41eda908": [
      3
    ],
    "b719b33a": [
      3
    ],
    "444bfac6": [
      3
    ],
    "db9a93b6": [
      3
    ]
  }
}