{
  "publicPath": "dist_ssr/",
  "all": [
    "static\\js\\0.83ea3f7468f98cdaaa99.js",
    "static\\js\\1.51419a8dff2544094c28.js",
    "static\\js\\3.99c1bc1759803d77ce67.js",
    "static\\js\\4.7dd49d3ad37ed06c3602.js",
    "static\\js\\5.971e6a0de155bcc7d0ae.js",
    "static\\js\\runtime~main.35801310167cec9fd11a.js"
  ],
  "initial": [
    "static\\js\\runtime~main.35801310167cec9fd11a.js",
    "static\\js\\3.99c1bc1759803d77ce67.js",
    "static\\js\\1.51419a8dff2544094c28.js"
  ],
  "async": [
    "static\\js\\0.83ea3f7468f98cdaaa99.js",
    "static\\js\\4.7dd49d3ad37ed06c3602.js",
    "static\\js\\5.971e6a0de155bcc7d0ae.js"
  ],
  "modules": {
    "66365238": [
      1
    ],
    "0c48a5ea": [
      1
    ],
    "587e395a": [
      1
    ],
    "be14f56a": [
      2
    ],
    "1c5901c9": [
      0
    ],
    "00289b71": [
      1
    ],
    "645c459f": [
      2
    ],
    "8f0c3b10": [
      2
    ],
    "eb2549e0": [
      4
    ],
    "064e2e16": [
      1
    ],
    "2af5b936": [
      2
    ],
    "c670c26a": [
      1
    ],
    "47d05eeb": [
      1
    ],
    "7c341cbe": [
      1
    ],
    "3269b455": [
      3
    ],
    "359ad834": [
      2
    ],
    "189c0921": [
      3
    ],
    "ed65c9b0": [
      2
    ],
    "386d2d76": [
      2
    ],
    "12c30f22": [
      1
    ],
    "3a8260d8": [
      1
    ],
    "61a6a5ac": [
      1
    ],
    "73cafaae": [
      0
    ],
    "dd460b6c": [
      1
    ],
    "4d43353e": [
      2
    ],
    "3a20c68c": [
      2
    ],
    "faa8a5c4": [
      0
    ],
    "9c8114da": [
      2
    ],
    "6ef93eec": [
      2
    ],
    "649bd4b6": [
      0
    ],
    "7c97d14f": [
      2
    ],
    "2cacd418": [
      2
    ],
    "6c2be9c4": [
      2
    ],
    "dcbdc5ac": [
      2
    ],
    "5a74d937": [
      2
    ],
    "71db6dad": [
      2
    ],
    "1971620e": [
      2
    ],
    "ca165734": [
      2
    ],
    "5193554e": [
      0
    ],
    "87d8255c": [
      0
    ],
    "0878b424": [
      2
    ],
    "2f55c11e": [
      2
    ],
    "76b689a5": [
      2
    ],
    "4ddbc482": [
      1
    ],
    "9535179c": [
      2
    ],
    "2cc3ea9f": [
      2
    ],
    "66359c67": [
      2
    ],
    "bbecbb16": [
      0
    ],
    "446549de": [
      1
    ],
    "7645753b": [
      1
    ],
    "6a0d20e0": [
      2
    ],
    "5f9a1668": [
      2
    ],
    "202d3f4c": [
      1
    ],
    "3bfde0cd": [
      1
    ],
    "65f1733d": [
      1
    ],
    "7121600e": [
      1
    ],
    "4dd5ef06": [
      3
    ],
    "74085cac": [
      2
    ],
    "644eeba6": [
      1
    ],
    "4a7702ed": [
      3
    ],
    "1237d4d6": [
      2
    ],
    "1dada834": [
      2
    ],
    "3dd9cba2": [
      2
    ],
    "65d2208e": [
      2
    ],
    "b4a3f758": [
      2
    ],
    "41989cc0": [
      1
    ],
    "41eda908": [
      2
    ],
    "6acde274": [
      1
    ],
    "b719b33a": [
      2
    ],
    "fe6d1b76": [
      1
    ],
    "15f5651f": [
      1
    ],
    "5323370a": [
      1
    ],
    "444bfac6": [
      2
    ],
    "23af5b64": [
      1
    ],
    "db9a93b6": [
      2
    ]
  }
}